,T,miosqp_avg,miosqp_std,miosqp_min,miosqp_max,miosqp_osqp_avg_time,miosqp_avg_osqp_iter
0,2,0.00017891287803649901,0.00038271208053318863,0.0,0.0010428428649902344,1.09621609110768,25.727430555555536
1,4,0.0002780580520629883,0.00044870264843267993,0.0,0.0019948482513427734,6.282978933251023,26.6133733028648
2,6,0.0006519198417663574,0.0006881360526515175,0.0,0.0049588680267333984,27.639087461119676,32.64036207975718
3,8,0.002035872787237167,0.0018136413058978543,0.0,0.011002063751220703,53.92440799177042,41.75844114551282
4,10,0.010456624627113342,0.009025124500969681,0.0,0.06479620933532715,72.49554806981075,51.59156366885461
5,12,0.03646544635295868,0.04182440961418304,0.0,0.42281174659729004,78.34887605253498,54.035194077409244
