,T,miosqp_avg,miosqp_std,miosqp_min,miosqp_max,miosqp_osqp_avg_time,miosqp_avg_osqp_iter
0,2,0.00018830731511116028,0.00038868410942395555,0.0,0.0012481212615966797,1.416884536039541,26.180071924603183
1,4,0.000349385142326355,0.0007059203762881941,0.0,0.019947528839111328,9.377648543671352,28.41576242316241
2,6,0.0007509034872055054,0.0007417066840346157,0.0,0.004141092300415039,36.649953334611325,34.2973722806969
3,8,0.002250451147556305,0.002026690767827742,0.0,0.016041040420532227,55.280343941447974,42.31323315834684
